{"cameraMode":{"drawMode":0,"name":"Shaded","section":"Shading Mode"},"sceneLighting":false,"audioPlay":false,"sceneViewState":{"showFog":true,"showMaterialUpdate":false,"showSkybox":false,"showFlares":true,"showImageEffects":true,"showParticleSystems":true,"showVisualEffectGraphs":true,"m_FxEnabled":true},"in2DMode":false,"pivot":{"x":-2.4520835876464845,"y":11.84737777709961,"z":15.712759017944336},"rotation":{"x":-0.010286891832947731,"y":-0.9888957738876343,"z":0.12375665456056595,"w":-0.08207223564386368},"size":14.706745147705079,"orthographic":true}