{"cameraMode":{"drawMode":0,"name":"Shaded","section":"Shading Mode"},"sceneLighting":false,"audioPlay":false,"sceneViewState":{"showFog":true,"showMaterialUpdate":false,"showSkybox":false,"showFlares":true,"showImageEffects":true,"showParticleSystems":true,"showVisualEffectGraphs":true,"m_FxEnabled":true},"in2DMode":false,"pivot":{"x":11.876482009887696,"y":-0.020000003278255464,"z":12.756485939025879},"rotation":{"x":0.11061593145132065,"y":-0.6208950877189636,"z":0.08907617628574372,"w":0.770953357219696},"size":6.880849361419678,"orthographic":false}