{"cameraMode":{"drawMode":0,"name":"Shaded","section":"Shading Mode"},"sceneLighting":true,"audioPlay":false,"sceneViewState":{"m_AlwaysRefresh":false,"showFog":true,"showSkybox":true,"showFlares":true,"showImageEffects":true,"showParticleSystems":true,"showVisualEffectGraphs":true,"m_FxEnabled":true},"in2DMode":false,"pivot":{"x":12.14297866821289,"y":16.874568939208986,"z":-13.08462142944336},"rotation":{"x":0.2889159619808197,"y":-0.07400377839803696,"z":0.022406654432415963,"w":0.954230010509491},"size":2.0829474925994875,"orthographic":false}