{"cameraMode":{"drawMode":0,"name":"Shaded","section":"Shading Mode"},"sceneLighting":false,"audioPlay":false,"sceneViewState":{"showFog":true,"showMaterialUpdate":false,"showSkybox":false,"showFlares":true,"showImageEffects":true,"showParticleSystems":true,"showVisualEffectGraphs":true,"m_FxEnabled":true},"in2DMode":false,"pivot":{"x":-3.949766159057617,"y":6.656306266784668,"z":2.7823104858398439},"rotation":{"x":-0.03299397975206375,"y":0.000295999925583601,"z":-0.000009771968507266138,"w":-0.9994551539421082},"size":8.158927917480469,"orthographic":true}