{"cameraMode":{"drawMode":0,"name":"Shaded","section":"Shading Mode"},"sceneLighting":true,"audioPlay":true,"sceneViewState":{"showFog":true,"showMaterialUpdate":false,"showSkybox":true,"showFlares":true,"showImageEffects":true,"showParticleSystems":true,"showVisualEffectGraphs":true,"m_FxEnabled":true},"in2DMode":false,"pivot":{"x":-0.926530122756958,"y":-3.0925045013427736,"z":-3.4586143493652345},"rotation":{"x":0.2619304656982422,"y":-0.057283852249383929,"z":0.015576882287859917,"w":0.9632641077041626},"size":13.714998245239258,"orthographic":false}