{"cameraMode":{"drawMode":0,"name":"Shaded","section":"Shading Mode"},"sceneLighting":false,"audioPlay":false,"sceneViewState":{"showFog":true,"showMaterialUpdate":false,"showSkybox":false,"showFlares":true,"showImageEffects":true,"showParticleSystems":true,"showVisualEffectGraphs":true,"m_FxEnabled":true},"in2DMode":false,"pivot":{"x":-0.003177046775817871,"y":0.12708362936973573,"z":0.00023217499256134033},"rotation":{"x":-0.02995448000729084,"y":0.9510493874549866,"z":-0.0973239466547966,"w":-0.2919852137565613},"size":1.0372811555862427,"orthographic":true}