{"cameraMode":{"drawMode":0,"name":"Shaded","section":"Shading Mode"},"sceneLighting":false,"audioPlay":false,"sceneViewState":{"showFog":true,"showMaterialUpdate":false,"showSkybox":false,"showFlares":true,"showImageEffects":true,"showParticleSystems":true,"showVisualEffectGraphs":true,"m_FxEnabled":true},"in2DMode":false,"pivot":{"x":0.0031816959381103517,"y":0.11820702999830246,"z":-0.014813899993896485},"rotation":{"x":0.23916561901569367,"y":-0.001457040081731975,"z":0.00035558940726332366,"w":0.971001148223877},"size":0.7852720618247986,"orthographic":false}