{"cameraMode":{"drawMode":0,"name":"Shaded","section":"Shading Mode"},"sceneLighting":false,"audioPlay":false,"sceneViewState":{"showFog":true,"showMaterialUpdate":false,"showSkybox":false,"showFlares":true,"showImageEffects":true,"showParticleSystems":true,"showVisualEffectGraphs":true,"m_FxEnabled":true},"in2DMode":false,"pivot":{"x":-0.0198671892285347,"y":0.46199434995651247,"z":0.06535744667053223},"rotation":{"x":-0.02995448000729084,"y":0.9510493874549866,"z":-0.0973239466547966,"w":-0.2919852137565613},"size":0.5929806232452393,"orthographic":true}