{"cameraMode":{"drawMode":0,"name":"Shaded","section":"Shading Mode"},"sceneLighting":true,"audioPlay":false,"sceneViewState":{"showFog":false,"showMaterialUpdate":false,"showSkybox":false,"showFlares":false,"showImageEffects":false,"showParticleSystems":false,"showVisualEffectGraphs":true,"m_FxEnabled":true},"in2DMode":false,"pivot":{"x":1.4263553619384766,"y":1.9431991577148438,"z":-1.4328632354736329},"rotation":{"x":0.3067038357257843,"y":-0.039106402546167377,"z":0.012613064609467984,"w":0.9509192109107971},"size":11.47376537322998,"orthographic":false}