{"cameraMode":{"drawMode":0,"name":"Shaded","section":"Shading Mode"},"sceneLighting":false,"audioPlay":false,"sceneViewState":{"showFog":true,"showMaterialUpdate":false,"showSkybox":false,"showFlares":true,"showImageEffects":true,"showParticleSystems":true,"showVisualEffectGraphs":true,"m_FxEnabled":true},"in2DMode":false,"pivot":{"x":0.09541916847229004,"y":1.0706433057785035,"z":-0.035087406635284427},"rotation":{"x":-0.018871694803237916,"y":0.8840692639350891,"z":-0.03582320734858513,"w":-0.4656471014022827},"size":1.2271592617034913,"orthographic":true}