{"cameraMode":{"drawMode":0,"name":"Shaded","section":"Shading Mode"},"sceneLighting":false,"audioPlay":false,"sceneViewState":{"showFog":true,"showMaterialUpdate":false,"showSkybox":false,"showFlares":true,"showImageEffects":true,"showParticleSystems":true,"showVisualEffectGraphs":true,"m_FxEnabled":true},"in2DMode":false,"pivot":{"x":-0.05400991439819336,"y":3.813993215560913,"z":0.047557830810546878},"rotation":{"x":0.23916561901569367,"y":-0.001457040081731975,"z":0.00035558940726332366,"w":0.971001148223877},"size":5.0988006591796879,"orthographic":false}