{"cameraMode":{"drawMode":0,"name":"Shaded","section":"Shading Mode"},"sceneLighting":false,"audioPlay":false,"sceneViewState":{"showFog":true,"showMaterialUpdate":false,"showSkybox":false,"showFlares":true,"showImageEffects":true,"showParticleSystems":true,"showVisualEffectGraphs":true,"m_FxEnabled":true},"in2DMode":false,"pivot":{"x":10.032109260559082,"y":1.3837658166885377,"z":-15.198739051818848},"rotation":{"x":-0.17876416444778443,"y":0.05549580231308937,"z":-0.00996389426290989,"w":-0.9823436141014099},"size":4.586502552032471,"orthographic":true}