{"cameraMode":{"drawMode":0,"name":"Shaded","section":"Shading Mode"},"sceneLighting":false,"audioPlay":false,"sceneViewState":{"showFog":true,"showMaterialUpdate":false,"showSkybox":false,"showFlares":true,"showImageEffects":true,"showParticleSystems":true,"showVisualEffectGraphs":true,"m_FxEnabled":true},"in2DMode":false,"pivot":{"x":-0.15000009536743165,"y":1.337499976158142,"z":20.459999084472658},"rotation":{"x":0.005714818369597197,"y":0.9898625612258911,"z":-0.1359652429819107,"w":0.04221891984343529},"size":1.7594048976898194,"orthographic":true}